Location,Habitat,Order,Family,UniqueGroup,Length_mm,Width_mm,TrophicStatus,PollutionScore
HoosicRiver,Leaf,Diptera,Chironomidae,10,4,0.7,Collector,7
HoosicRiver,Rock,Diptera,Chironomidae,10,5.9,0.3,Collector,7
HoosicRiver,Rock,Diptera,Chironomidae,10,5,0.25,Collector,7
HoosicRiver,Rock,Diptera,Chironomidae,10,4,0.25,Collector,7
BirchRoad,Leaf,Diptera,Chironomidae,10,13.5,3,Collector,7
BirchRoad,Leaf,Diptera,Chironomidae,10,3,0.3,Collector,7
BirchRoad,Leaf,Diptera,Chironomidae,10,8.5,1,Collector,7
BirchRoad,Leaf,Diptera,Chironomidae,10,7.5,0.8,Collector,7
BirchRoad,Leaf,Diptera,Chironomidae,10,6.4,0.5,Collector,7
BirchRoad,Leaf,Diptera,Chironomidae,10,7,0.7,Collector,7
BirchRoad,Leaf,Diptera,Chironomidae,10,7.6,0.8,Collector,7
BirchRoad,Leaf,Diptera,Perisoma,12,4,1,Collector,
HoosicRiver,Rock,Diptera,,15,4.5,1,Collector,5
BirchRoad,Leaf,Diptera,,15,31,4.5,Collector,5
BirchRoad,Leaf,Diptera,,15,15,3,Collector,5
BirchRoad,Leaf,Diptera,,15,17,2.5,Collector,5
BirchRoad,Leaf,Diptera,,15,20,3.5,Collector,5
BirchRoad,Leaf,Diptera,,15,19,3.5,Collector,5
BirchRoad,Leaf,Diptera,,15,10,3.5,Collector,5
BirchRoad,Leaf,Diptera,,15,20,4,Collector,5
BirchRoad,Leaf,Diptera,,15,16,2,Collector,5
BirchRoad,Leaf,Diptera,,15,12,3,Collector,5
BirchRoad,Leaf,Diptera,,15,11,2,Collector,5
BirchRoad,Leaf,Diptera,,15,10,2,Collector,5
BirchRoad,Leaf,Diptera,,15,12,3,Collector,5
BirchRoad,Leaf,Diptera,,15,12,3,Collector,5
BirchRoad,Leaf,Diptera,,15,20,4,Collector,5
BirchRoad,Leaf,Diptera,,15,15,2,Collector,5
BirchRoad,Leaf,Diptera,,15,15,2,Collector,5
BirchRoad,Leaf,Diptera,,15,15,2,Collector,5
BirchRoad,Leaf,Diptera,,15,11,2,Collector,5
BirchRoad,Leaf,Diptera,,15,12,2,Collector,5
BirchRoad,Leaf,Diptera,,15,9,1,Collector,5
BirchRoad,Leaf,Diptera,,15,15.2,3,Collector,5
BirchRoad,Rock,Diptera,,15,8,1,Collector,5
BirchRoad,Rock,Diptera,,15,6,1,Collector,5
BirchRoad,Rock,Diptera,,15,6,1,Collector,5
BirchRoad,Rock,Diptera,,15,5,1,Collector,5
BirchRoad,Rock,Diptera,,15,7,1,Collector,5
BirchRoad,Leaf,Diptera,,15,12,2,Collector,5
HoosicRiver,Leaf,Ephemeroptera,Baetidae,17,12,3,Collector,5
HoosicRiver,Leaf,Ephemeroptera,Baetidae,17,6,1.5,Collector,5
HoosicRiver,Leaf,Ephemeroptera,Baetidae,17,4,1,Collector,5
HoosicRiver,Leaf,Ephemeroptera,Baetidae,17,6,2,Collector,5
BirchForest,Leaf,Ephemeroptera,Caenidae,18,4,1.5,Collector,5
HoosicRiver,Rock,Ephemeroptera,Caenidae,18,9.5,3.5,Collector,5
HoosicRiver,Rock,Ephemeroptera,Caenidae,18,5,1.5,Collector,5
BirchRoad,Leaf,Ephemeroptera,Caenidae,18,8,2.5,Collector,5
BirchRoad,Leaf,Ephemeroptera,Caenidae,18,8.5,2.4,Collector,5
BirchRoad,Leaf,Ephemeroptera,Caenidae,18,4.8,2,Collector,5
BirchForest,Leaf,Ephemeroptera,Ephemerellidae,19,9,2,Collector,5
BirchForest,Rock,Ephemeroptera,Ephemerellidae,19,9,3,Collector,5
HoosicRiver,Leaf,Ephemeroptera,Ephemerellidae,19,3,1,Collector,5
HoosicRiver,Leaf,Ephemeroptera,Ephemerellidae,19,2.7,1,Collector,5
HoosicRiver,Leaf,Ephemeroptera,Ephemerellidae,19,2.5,1,Collector,5
HoosicRiver,Rock,Ephemeroptera,Ephemerellidae,19,5,2,Collector,5
HoosicRiver,Rock,Ephemeroptera,Ephemerellidae,19,5.5,2.5,Collector,5
BirchRoad,Rock,Ephemeroptera,Ephemerellidae,19,3,1,Collector,5
BirchForest,Rock,Ephemeroptera,Epheremidae,20,25,5,Collector,5
HoosicRiver,Leaf,Ephemeroptera,Leptophlebiidae,22,7,1.5,Collector,2
HoosicRiver,Leaf,Ephemeroptera,Leptophlebiidae,22,4,1,Collector,2
BirchForest,Leaf,Ephemeroptera,Potamanthidae,23,2.5,0.5,Collector,7
BirchForest,Leaf,Ephemeroptera,Potamanthidae,23,5,1,Collector,7
BirchForest,Leaf,Ephemeroptera,Potamanthidae,23,4,1,Collector,7
HoosicRiver,Leaf,Ephemeroptera,Potamanthidae,23,7.5,2.2,Collector,7
HoosicRiver,Leaf,Ephemeroptera,Potamanthidae,23,4,2,Collector,7
HoosicRiver,Rock,Ephemeroptera,Potamanthidae,23,3.5,1.2,Collector,7
HoosicRiver,Rock,Ephemeroptera,Potamanthidae,23,4.5,1.5,Collector,7
HoosicRiver,Rock,Ephemeroptera,Potamanthidae,23,7,2.5,Collector,7
BirchRoad,Leaf,Ephemeroptera,Rhithrogena,24,3,1,Collector,4
HoosicRiver,Rock,Ephemeroptera,Siphlonuridae,25,5,2,Collector,7
HoosicRiver,Rock,Ephemeroptera,Siphlonuridae,25,5,1,Collector,7
HoosicRiver,Rock,Gastropoda,Lymnaeids,27,5.5,2.5,Collector,8
HoosicRiver,Rock,Gastropoda,Lymnaeids,27,4,2,Collector,8
HoosicRiver,Rock,Gastropoda,Lymnaeids,27,4.5,2,Collector,8
HoosicRiver,Rock,Gastropoda,Physid,28,2.2,1.2,Collector,8
HoosicRiver,Leaf,Gastropoda,Physid,28,13,8,Collector,8
HoosicRiver,Leaf,Gastropoda,Physid,28,9,5,Collector,8
HoosicRiver,Rock,Gastropoda,Physid,28,10,6,Collector,8
HoosicRiver,Rock,Gastropoda,Physid,28,11.5,6.5,Collector,8
HoosicRiver,Rock,Gastropoda,Physid,28,9,5.5,Collector,8
HoosicRiver,Rock,Gastropoda,Physid,28,12,6.5,Collector,8
HoosicRiver,Rock,Gastropoda,Physid,28,6,3,Collector,8
HoosicRiver,Rock,Gastropoda,Physid,28,6,3,Collector,8
HoosicRiver,Rock,Gastropoda,Planorbidae,29,3,2,Collector,8
HoosicRiver,Rock,Gastropoda,Planorbidae,29,3.96875,2.38125,Collector,8
HoosicRiver,Rock,Gastropoda,Planorbidae,29,4.7625,4.28625,Collector,8
HoosicRiver,Rock,Gastropoda,Planorbidae,29,2.69875,1.905,Collector,8
HoosicRiver,Rock,Gastropoda,Planorbidae,29,3.96875,2.38125,Collector,8
HoosicRiver,Rock,Gastropoda,Planorbidae,29,3.175,2.06375,Collector,8
HoosicRiver,Rock,Gastropoda,Planorbidae,29,2.7,1.5,Collector,8
HoosicRiver,Rock,Gastropoda,Planorbidae,29,4,2.5,Collector,8
HoosicRiver,Rock,Gastropoda,Planorbidae,29,2,1.3,Collector,8
HoosicRiver,Rock,Gastropoda,Planorbidae,29,3,1.7,Collector,8
HoosicRiver,Rock,Gastropoda,Planorbidae,29,3,1.9,Collector,8
HoosicRiver,Rock,Gastropoda,Planorbidae,29,2.8,2,Collector,8
HoosicRiver,Rock,Gastropoda,Planorbidae,29,2.4,1.5,Collector,8
HoosicRiver,Rock,Gastropoda,Planorbidae,29,2.5,1.9,Collector,8
HoosicRiver,Rock,Gastropoda,Planorbidae,29,4,2.8,Collector,8
HoosicRiver,Rock,Gastropoda,Planorbidae,29,3,1.8,Collector,8
HoosicRiver,Rock,Gastropoda,Planorbidae,29,3.2,2,Collector,8
HoosicRiver,Rock,Gastropoda,Planorbidae,29,3.3,2,Collector,8
HoosicRiver,Rock,Gastropoda,Planorbidae,29,3,1.8,Collector,8
HoosicRiver,Rock,Gastropoda,Planorbidae,29,3.5,2.2,Collector,8
HoosicRiver,Rock,Gastropoda,Planorbidae,29,2.6,1.7,Collector,8
HoosicRiver,Rock,Gastropoda,Planorbidae,29,3.5,2,Collector,8
HoosicRiver,Rock,Gastropoda,Planorbidae,29,3.4,2,Collector,8
HoosicRiver,Rock,Gastropoda,Planorbidae,29,5,3,Collector,8
HoosicRiver,Rock,Gastropoda,Planorbidae,29,4,3,Collector,8
HoosicRiver,Rock,Gastropoda,Planorbidae,29,3,3,Collector,8
HoosicRiver,Rock,Gastropoda,Planorbidae,29,4,2.5m,Collector,8
HoosicRiver,Rock,Gastropoda,Planorbidae,29,4,2.5,Collector,8
HoosicRiver,Rock,Gastropoda,Planorbidae,29,5,3.5,Collector,8
HoosicRiver,Rock,Gastropoda,Vulgata,30,4,2.8,Collector,8
HoosicRiver,Rock,Gastropoda,Vulgata,30,2.9,2.1,Collector,8
HoosicRiver,Rock,Gastropoda,Vulgata,30,3.3,3.1,Collector,8
BirchRoad,Leaf,Gastropoda,Vulgata,30,4,3,Collector,
BirchRoad,Leaf,Gastropoda,Vulgata,30,3,2,Collector,
BirchRoad,Rock,Gastropoda,Vulgata,30,7,0.5,Collector,
BirchRoad,Rock,Gastropoda,Vulgata,30,5,3,Collector,
BirchRoad,Rock,Gastropoda,Vulgata,30,4,3,Collector,
BirchRoad,Rock,Gastropoda,Vulgata,30,4,3,Collector,
BirchRoad,Rock,Gastropoda,Vulgata,30,4,2.5,Collector,
BirchRoad,Rock,Gastropoda,Vulgata,30,5,1,Collector,
BirchRoad,Rock,Gastropoda,Vulgata,30,5,3,Collector,
BirchRoad,Rock,Gastropoda,Vulgata,30,5,3,Collector,
BirchRoad,Rock,Gastropoda,Vulgata,30,4,2,Collector,
HoosicRiver,Leaf,Gastropoda,Vulgata,30,4,2.5,Collector,8
HoosicRiver,Leaf,Gastropoda,,31,9,5,Collector,8
HoosicRiver,Leaf,Gastropoda,,31,3,1.5,Collector,8
BirchRoad,Leaf,Gastropoda,,31,6,4,Collector,8
HoosicRiver,Leaf,Mollusca,,36,4,2,Collector,8
HoosicRiver,Leaf,Mollusca,,36,3,1.5,Collector,8
HoosicRiver,Leaf,Mollusca,,36,2.3,1,Collector,8
HoosicRiver,Leaf,Mollusca,,36,2,1,Collector,8
BirchRoad,Rock,Mollusca,,36,4,4.5,Collector,8
BirchRoad,Rock,Mollusca,,36,5,4.5,Collector,8
BirchRoad,Rock,Mollusca,,36,3,3.5,Collector,8
BirchRoad,Rock,Mollusca,,36,1,1,Collector,8
BirchRoad,Rock,Mollusca,,36,1,1,Collector,8
BirchRoad,Rock,Mollusca,,36,1,1,Collector,8
BirchRoad,Rock,Mollusca,,36,1,1,Collector,8
BirchRoad,Rock,Mollusca,,36,4,3,Collector,8
BirchForest,Rock,Oligochaeta,,39,10,1,Collector,
BirchRoad,Rock,Trichopetera,Brachycentridae,48,4,0.5,Collector,1
BirchRoad,Rock,Trichopetera,Brachycentridae,48,4.5,0.5,Collector,1
BirchRoad,Rock,Trichopetera,Brachycentridae,48,6,0.8,Collector,1
BirchForest,Leaf,Trichopetera,Hydropsychidae,51,4,0.5,Collector,1
BirchForest,Leaf,Trichopetera,Hydropsychidae,51,3,0.5,Collector,1
BirchForest,Leaf,Trichopetera,Hydropsychidae,51,4,0.5,Collector,1
BirchForest,Leaf,Trichopetera,Hydropsychidae,51,3,0.5,Collector,1
HoosicRiver,Leaf,Trichopetera,Hydropsychidae,51,8,1.2,Collector,1
HoosicRiver,Rock,Trichopetera,Hydropsychidae,51,8.5,1.2,Collector,1
HoosicRiver,Rock,Trichopetera,Hydropsychidae,51,11,2,Collector,1
HoosicRiver,Rock,Trichopetera,Hydropsychidae,51,9.3,1.8,Collector,1
HoosicRiver,Rock,Trichopetera,Hydropsychidae,51,8,0.6,Collector,1
HoosicRiver,Leaf,Trichopetera,Hydropsychidae,51,10,2,Collector,1
BirchRoad,Rock,Trichopetera,Hydropsychidae,51,5,0.7,Collector,1
BirchForest,Rock,Trichopetera,Hydropsychidae ,51,7,1,Collector,1
HoosicRiver,Rock,Trichopetera,Hydropsychidae,51,8,1.5,Collector,1
BirchForest,Rock,Trichopetera,Philopotamidae,52,15,1.5,Collector,3
BirchForest,Rock,Trichopetera,Philopotamidae,52,6,1,Collector,3
BirchForest,Rock,Trichopetera,Philopotamidae,52,5,1,Collector,3
HoosicRiver,Leaf,Trichopetera,Philopotamidae,52,7,1,Collector,3
HoosicRiver,Rock,Trichopetera,Philopotamidae,52,18,1.5,Collector,3
BirchForest,Rock,Trichopetera,Philopotamidae,52,5,1,Collector,3
HoosicRiver,Leaf,Trichopetera,Psychomyiidae,53,9,1,Collector,2
BirchForest,Leaf,Coleoptera,Dytiscidae,3,7,5,Predator,5
BirchForest,Leaf,Coleoptera,Dytiscidae,3,7,5,Predator,6
HoosicRiver,Rock,Coleoptera,Dytiscidae,3,15,6,Predator,5
HoosicRiver,Rock,Coleoptera,Dytiscidae,3,12.5,5.5,Predator,5
HoosicRiver,Rock,Coleoptera,Dytiscidae,3,18,6,Predator,5
HoosicRiver,Rock,Coleoptera,Dytiscidae,3,13,5,Predator,5
HoosicRiver,Rock,Coleoptera,Dytiscidae,3,13,5.5,Predator,5
BirchForest,Leaf,Coleoptera,Hydrophilidae,5,8,4,Predator,5
BirchForest,Leaf,Coleoptera,Hydrophilidae,5,10,5,Predator,5
BirchForest,Leaf,Coleoptera,Hydrophilidae,5,7,2,Predator,5
BirchForest,Leaf,Coleoptera,Hydrophilidae,5,6,4,Predator,5
BirchForest,Leaf,Coleoptera,Hydrophilidae,5,7,2,Predator,5
BirchForest,Leaf,Coleoptera,Hydrophilidae,5,6,4,Predator,5
BirchRoad,Leaf,Diptera,Athericidae,8,10,2,Predator,2
BirchRoad,Leaf,Diptera,Athericidae,8,7,2,Predator,2
BirchRoad,Leaf,Diptera,Athericidae,8,10.5,2.5,Predator,2
BirchRoad,Leaf,Diptera,Athericidae,8,9,2,Predator,2
BirchForest,Leaf,Diptera,Ceratopogonidae,9,13,2,Predator,6
BirchForest,Leaf,Diptera,Ceratopogonidae,9,15,2,Predator,6
BirchForest,Leaf,Diptera,Ceratopogonidae,9,19,3,Predator,6
BirchForest,Leaf,Diptera,Ceratopogonidae,9,16,3,Predator,6
BirchForest,Leaf,Diptera,Ceratopogonidae,9,7,2,Predator,6
BirchForest,Leaf,Diptera,Dolichopodiae,11,18,2,Predator,4
BirchForest,Leaf,Diptera,Dolichopodiae,11,22,4,Predator,4
BirchForest,Leaf,Diptera,Dolichopodiae,11,19,2,Predator,4
BirchForest,Leaf,Diptera,Tabanidae,13,36,3,Predator,6
BirchForest,Leaf,Hemiptera,Gerridae,32,13,2,Predator,8
HoosicRiver,Leaf,Hemiptera,Gerridae,32,4,2.5,Predator,8
HoosicRiver,Leaf,Odonota,Gomphidae,37,6,2.5,Predator,1
BirchRoad,Leaf,Odonota,,38,8.2,3.5,Predator,1
HoosicRiver,Rock,Odonota,,38,5,2.5,Predator,1
HoosicRiver,Rock,Odonota,,38,4,2,Predator,1
HoosicRiver,Rock,Odonota,,38,7,3,Predator,1
HoosicRiver,Rock,Odonota,,38,5,2,Predator,1
HoosicRiver,Rock,Odonota,,38,7,2,Predator,1
HoosicRiver,Rock,Odonota,,38,6,2,Predator,1
HoosicRiver,Rock,Odonota,,38,5,3,Predator,1
BirchRoad,Rock,Coleoptera,Capniidae,2,7,2.5,Scraper,2
BirchForest,Rock,Coleoptera,Elmidae,4,10,2.5,Scraper,8
HoosicRiver,Rock,Coleoptera,Elmidae,4,5.5,1.5,Scraper,9
BirchRoad,Leaf,Coleoptera,Elmidae,4,5.4,2.1,Scraper,5
BirchRoad,Leaf,Coleoptera,Elmidae,4,5.1,2,Scraper,6
BirchRoad,Leaf,Coleoptera,Elmidae,4,4.7,1.9,Scraper,7
HoosicRiver,Rock,Coleoptera,Psephenidae,6,9,6.5,Scraper,4
HoosicRiver,Rock,Coleoptera,Psephenidae,6,4.5,3.5,Scraper,4
HoosicRiver,Rock,Coleoptera,Psephenidae,6,8,6,Scraper,4
HoosicRiver,Rock,Coleoptera,Psephenidae,6,7.7,5,Scraper,4
HoosicRiver,Rock,Coleoptera,Psephenidae,6,8,4.5,Scraper,4
HoosicRiver,Rock,Coleoptera,Psephenidae,6,8,6.2,Scraper,4
HoosicRiver,Rock,Coleoptera,Psephenidae,6,6.9,5,Scraper,4
HoosicRiver,Rock,Coleoptera,Psephenidae,6,7,5.2,Scraper,4
HoosicRiver,Rock,Coleoptera,Psephenidae,6,7,5,Scraper,4
HoosicRiver,Rock,Coleoptera,Psephenidae,6,7,6,Scraper,4
HoosicRiver,Rock,Coleoptera,Psephenidae,6,8,6,Scraper,4
HoosicRiver,Rock,Coleoptera,Psephenidae,6,9,6,Scraper,4
HoosicRiver,Rock,Coleoptera,Psephenidae,6,5.7,7.3,Scraper,4
HoosicRiver,Rock,Coleoptera,Psephenidae,6,8.1,5.2,Scraper,4
HoosicRiver,Rock,Coleoptera,Psephenidae,6,5,3.6,Scraper,4
BirchForest,Leaf,Coleoptera,,7,10,5,Scraper,2
BirchForest,Leaf,Coleoptera,,7,10,5,Scraper,2
BirchForest,Leaf,Coleoptera,,7,4,7,Scraper,2
HoosicRiver,Leaf,Coleoptera,,7,14,6,Scraper,
HoosicRiver,Leaf,Coleoptera,,7,14,6,Scraper,
BirchRoad,Leaf,Coleoptera,,7,15,3,Scraper,
BirchRoad,Leaf,Coleoptera,,7,5,2,Scraper,
BirchRoad,Leaf,Coleoptera,,7,20,3,Scraper,
BirchRoad,Leaf,Coleoptera,,7,15,2.5,Scraper,
BirchRoad,Leaf,Coleoptera,,7,15,2.5,Scraper,
BirchRoad,Leaf,Coleoptera,,7,16,2.5,Scraper,
BirchRoad,Leaf,Coleoptera,,7,15,2.5,Scraper,
BirchRoad,Leaf,Coleoptera,,7,18,2.5,Scraper,
BirchRoad,Leaf,Coleoptera,,7,20,2.5,Scraper,
BirchRoad,Leaf,Coleoptera,,7,14,2,Scraper,
BirchRoad,Leaf,Coleoptera,,7,14,2,Scraper,
BirchRoad,Leaf,Coleoptera,,7,25,4,Scraper,
BirchRoad,Leaf,Coleoptera,,7,19,2.5,Scraper,
BirchRoad,Leaf,Coleoptera,,7,12,1,Scraper,
BirchRoad,Rock,Coleoptera,,7,5,2,Scraper,
BirchRoad,Rock,Coleoptera,,7,8,1,Scraper,
BirchRoad,Rock,Coleoptera,,7,6,1,Scraper,
BirchRoad,Rock,Coleoptera,,7,6,1,Scraper,
BirchRoad,Rock,Coleoptera,,7,5,3.5,Scraper,
BirchRoad,Leaf,Coleoptera,,7,21,3.5,Scraper,
BirchForest,Leaf,Ephemeroptera,Heptageniidae,21,0.5,0.1,Scraper,4
BirchForest,Leaf,Ephemeroptera,Heptageniidae,21,5,1,Scraper,4
BirchForest,Leaf,Ephemeroptera,Heptageniidae,21,3,1,Scraper,4
BirchForest,Leaf,Ephemeroptera,Heptageniidae,21,3,1,Scraper,4
BirchForest,Leaf,Ephemeroptera,Heptageniidae,21,4,1,Scraper,4
BirchForest,Leaf,Ephemeroptera,Heptageniidae,21,4,1,Scraper,4
HoosicRiver,Leaf,Ephemeroptera,Heptageniidae,21,4,2,Scraper,4
HoosicRiver,Leaf,Ephemeroptera,Heptageniidae,21,7,2,Scraper,4
HoosicRiver,Leaf,Ephemeroptera,Heptageniidae,21,4,2,Scraper,4
HoosicRiver,Leaf,Ephemeroptera,Heptageniidae,21,3,1,Scraper,4
HoosicRiver,Leaf,Ephemeroptera,Heptageniidae,21,5,2,Scraper,4
HoosicRiver,Leaf,Ephemeroptera,Heptageniidae,21,10,4,Scraper,4
HoosicRiver,Leaf,Ephemeroptera,Heptageniidae,21,4,1.5,Scraper,4
HoosicRiver,Leaf,Ephemeroptera,Heptageniidae,21,10,3.5,Scraper,4
HoosicRiver,Leaf,Ephemeroptera,Heptageniidae,21,4,2,Scraper,4
HoosicRiver,Leaf,Ephemeroptera,Heptageniidae,21,7,3,Scraper,4
HoosicRiver,Leaf,Ephemeroptera,Heptageniidae,21,8,3,Scraper,4
HoosicRiver,Leaf,Ephemeroptera,Heptageniidae,21,7,2,Scraper,4
HoosicRiver,Rock,Ephemeroptera,Heptageniidae,21,8,4,Scraper,4
HoosicRiver,Rock,Ephemeroptera,Heptageniidae,21,5,2,Scraper,4
HoosicRiver,Rock,Ephemeroptera,Heptageniidae,21,11.2,4,Scraper,4
HoosicRiver,Rock,Ephemeroptera,Heptageniidae,21,7,2.5,Scraper,4
HoosicRiver,Rock,Ephemeroptera,Heptageniidae,21,6.7,2,Scraper,4
HoosicRiver,Rock,Ephemeroptera,Heptageniidae,21,4.8,1.8,Scraper,4
HoosicRiver,Rock,Ephemeroptera,Heptageniidae,21,6.2,2.2,Scraper,4
HoosicRiver,Rock,Ephemeroptera,Heptageniidae,21,7.5,2.7,Scraper,4
HoosicRiver,Rock,Ephemeroptera,Heptageniidae,21,8,2.5,Scraper,4
HoosicRiver,Rock,Ephemeroptera,Heptageniidae,21,6.3,2,Scraper,4
HoosicRiver,Rock,Ephemeroptera,Heptageniidae,21,6,1.8,Scraper,4
HoosicRiver,Rock,Ephemeroptera,Heptageniidae,21,2.2,0.7,Scraper,4
HoosicRiver,Rock,Ephemeroptera,Heptageniidae,21,2.8,1.3,Scraper,4
HoosicRiver,Rock,Ephemeroptera,Heptageniidae,21,5.1,1.2,Scraper,4
HoosicRiver,Rock,Ephemeroptera,Heptageniidae,21,8.5,3.1,Scraper,4
HoosicRiver,Rock,Ephemeroptera,Heptageniidae,21,7.5,2.1,Scraper,4
HoosicRiver,Rock,Ephemeroptera,Heptageniidae,21,9.4,2.6,Scraper,4
HoosicRiver,Rock,Ephemeroptera,Heptageniidae,21,6.3,2.1,Scraper,4
HoosicRiver,Rock,Ephemeroptera,Heptageniidae,21,6.7,2,Scraper,4
HoosicRiver,Rock,Ephemeroptera,Heptageniidae,21,6.3,2.1,Scraper,4
HoosicRiver,Rock,Ephemeroptera,Heptageniidae,21,7,2.5,Scraper,4
HoosicRiver,Rock,Ephemeroptera,Heptageniidae,21,3.9,1.2,Scraper,4
HoosicRiver,Rock,Ephemeroptera,Heptageniidae,21,3.1,1.1,Scraper,4
HoosicRiver,Rock,Ephemeroptera,Heptageniidae,21,4,1,Scraper,4
HoosicRiver,Rock,Ephemeroptera,Heptageniidae,21,6,2,Scraper,4
HoosicRiver,Rock,Ephemeroptera,Heptageniidae,21,4,1,Scraper,4
HoosicRiver,Rock,Ephemeroptera,Heptageniidae,21,6.5,2,Scraper,4
HoosicRiver,Rock,Ephemeroptera,Heptageniidae,21,7,3,Scraper,4
HoosicRiver,Rock,Ephemeroptera,Heptageniidae,21,5.5,1.5,Scraper,4
HoosicRiver,Rock,Ephemeroptera,Heptageniidae,21,5,1.5,Scraper,4
HoosicRiver,Rock,Ephemeroptera,Heptageniidae,21,5,1.5,Scraper,4
HoosicRiver,Rock,Ephemeroptera,Heptageniidae,21,2.5,1,Scraper,4
HoosicRiver,Rock,Ephemeroptera,Heptageniidae,21,5.5,2,Scraper,4
HoosicRiver,Rock,Ephemeroptera,Heptageniidae,21,3,1,Scraper,4
HoosicRiver,Rock,Ephemeroptera,Heptageniidae,21,5,1,Scraper,4
HoosicRiver,Rock,Ephemeroptera,Heptageniidae,21,2.5,1,Scraper,4
BirchRoad,Leaf,Ephemeroptera,Heptageniidae,21,9,3,Scraper,4
HoosicRiver,Leaf,Ephemeroptera,Heptageniidae ,21,5,1.75,Scraper,4
HoosicRiver,Rock,Ephemeroptera,Heptageniidae ,21,5,1.5,Scraper,4
HoosicRiver,Rock,Ephemeroptera,Heptageniidae ,21,7,3,Scraper,4
HoosicRiver,Rock,Ephemeroptera,Heptageniidae ,21,5,2,Scraper,4
BirchForest,Rock,Isopoda,,33,5,3,Scraper,
BirchForest,Rock,Isopoda,,33,5,2,Scraper,
HoosicRiver,Rock,Amphipoda,,1,7,1,Shredder,
BirchForest,Leaf,Plecoptera,Capniidae,40,3.5,0.5,Shredder,1
BirchForest,Leaf,Plecoptera,Capniidae,40,5,1,Shredder,1
BirchForest,Leaf,Plecoptera,Capniidae,40,6,2,Shredder,1
BirchForest,Leaf,Plecoptera,Capniidae,40,4,1,Shredder,1
BirchForest,Leaf,Plecoptera,Capniidae,40,5,2,Shredder,1
BirchForest,Leaf,Plecoptera,Capniidae,40,4,1,Shredder,1
BirchForest,Rock,Plecoptera,Capniidae,40,4,1,Shredder,1
BirchForest,Rock,Plecoptera,Capniidae,40,5,1,Shredder,1
BirchForest,Rock,Plecoptera,Capniidae,40,4,1,Shredder,1
BirchRoad,Leaf,Plecoptera,Capniidae,40,3.2,0.8,Shredder,1
BirchRoad,Leaf,Plecoptera,Capniidae,40,4,1,Shredder,1
BirchRoad,Leaf,Plecoptera,Capniidae,40,3,1,Shredder,1
BirchRoad,Leaf,Plecoptera,Capniidae,40,2.5,0.5,Shredder,1
BirchForest,Leaf,Plecoptera,Chloroperlidae,41,4,0.5,Shredder,0
BirchForest,Leaf,Plecoptera,Chloroperlidae,41,4,0.5,Shredder,0
BirchRoad,Leaf,Plecoptera,Chloroperlidae,41,4,1,Shredder,0
BirchRoad,Leaf,Plecoptera,Chloroperlidae,41,3,0.6,Shredder,0
BirchRoad,Leaf,Plecoptera,Chloroperlidae,41,3,0.5,Shredder,0
BirchRoad,Leaf,Plecoptera,Chloroperlidae,41,3,0.6,Shredder,0
BirchRoad,Leaf,Plecoptera,Chloroperlidae,41,4,1,Shredder,0
BirchRoad,Leaf,Plecoptera,Chloroperlidae,41,3,0.8,Shredder,0
BirchRoad,Leaf,Plecoptera,Chloroperlidae,41,3,0.5,Shredder,0
BirchRoad,Leaf,Plecoptera,Chloroperlidae,41,2,0.4,Shredder,0
BirchRoad,Leaf,Plecoptera,Chloroperlidae,41,3,1,Shredder,0
BirchRoad,Leaf,Plecoptera,Chloroperlidae,41,2,0.5,Shredder,0
BirchRoad,Leaf,Plecoptera,Chloroperlidae,41,2.5,0.8,Shredder,0
BirchRoad,Leaf,Plecoptera,Isoperla Fulva,42,2.5,0.6,Shredder,0
BirchForest,Leaf,Plecoptera,Nemouridae,43,6,2,Shredder,0
BirchForest,Leaf,Plecoptera,Nemouridae,43,6,1,Shredder,0
BirchForest,Rock,Plecoptera,Perlidae,44,8,2.5,Shredder,1
BirchForest,Rock,Plecoptera,Perlidae,44,6,2,Shredder,1
BirchForest,Rock,Plecoptera,Perlidae,44,10,3,Shredder,1
BirchForest,Rock,Plecoptera,Perlidae,44,7.5,2,Shredder,1
BirchForest,Rock,Plecoptera,Perlidae,44,21,5,Shredder,1
BirchForest,Leaf,Plecoptera,Perlodidae,45,23,5,Shredder,2
BirchRoad,Leaf,Plecoptera,Perlodidae,45,11.5,4,Shredder,2
BirchRoad,Leaf,Plecoptera,Perlodidae,45,9,2,Shredder,2
BirchRoad,Leaf,Plecoptera,Perlodidae,45,13,3,Shredder,2
BirchRoad,Leaf,Plecoptera,Perlodidae,45,9.5,2.3,Shredder,2
BirchForest,Rock,Plecoptera,Pteronarcyidae,46,27,7,Shredder,0
HoosicRiver,Leaf,Plecoptera,Pteronarcyidae,46,3,1,Shredder,0
HoosicRiver,Leaf,Plecoptera,,47,10,2,Shredder,1
HoosicRiver,Rock,Plecoptera,,47,5.5,2,Shredder,1
HoosicRiver,Rock,Plecoptera,,47,5,1.5,Shredder,1
HoosicRiver,Rock,Plecoptera,,47,9,,Shredder,1
BirchRoad,Leaf,Plecoptera,,47,4,1,Shredder,1
BirchRoad,Leaf,Plecoptera,,47,20,6,Shredder,1
BirchRoad,Leaf,Plecoptera,,47,6,3,Shredder,1
BirchRoad,Leaf,Plecoptera,,47,7,2,Shredder,1
BirchRoad,Leaf,Plecoptera,,47,6,2,Shredder,1
BirchRoad,Leaf,Plecoptera,,47,2.2,1,Shredder,1
BirchRoad,Leaf,Plecoptera,,47,6,2.5,Shredder,1
BirchRoad,Leaf,Plecoptera,,47,5.2,2.2,Shredder,1
BirchRoad,Leaf,Plecoptera,,47,4,0.8,Shredder,1
BirchRoad,Leaf,Plecoptera,,47,13.5,4.7,Shredder,1
BirchRoad,Leaf,Plecoptera,,47,3.5,1.2,Shredder,1
BirchRoad,Leaf,Plecoptera,,47,9,3,Shredder,1
BirchRoad,Leaf,Plecoptera,,47,3,7,Shredder,1
BirchRoad,Rock,Plecoptera,,47,25,7,Shredder,1
BirchRoad,Rock,Plecoptera,,47,4,1,Shredder,1
BirchRoad,Rock,Plecoptera,,47,4,3,Shredder,1
BirchRoad,Rock,Plecoptera,,47,4,1,Shredder,1
BirchRoad,Rock,Plecoptera,,47,6,1,Shredder,1
BirchRoad,Rock,Plecoptera,,47,4,1,Shredder,1
BirchRoad,Rock,Plecoptera,,47,3,1,Shredder,1
BirchForest,Rock,Trichopetera,Hydroptilidae,52,7.5,1,Shredder,4
HoosicRiver,Leaf,Trichopetera,Hydroptilidae,52,11,1.5,Shredder,4
BirchForest,Rock,Trichopetera,Hydroptilidae ,52,5,1,Shredder,4
BirchForest,Leaf,Trichopetera,Lepidostomatidae,53,5,1,Shredder,1
BirchForest,Leaf,Trichopetera,Lepidostomatidae,53,7,1,Shredder,1
BirchForest,Leaf,Trichopetera,Lepidostomatidae,53,6,0.8,Shredder,1
BirchForest,Leaf,Trichopetera,Lepidostomatidae,53,7,1,Shredder,1
BirchForest,Leaf,Trichopetera,Lepidostomatidae,53,6,0.8,Shredder,1
BirchForest,Rock,Trichopetera,Lepidostomatidae ,53,6,1,Shredder,1
BirchForest,Rock,Trichopetera,Rhyacophilidae,54,7.5,1,Shredder,0
BirchForest,Leaf,Diptera,Tipulidae,14,8,2,Shredder,3
BirchForest,Leaf,Diptera,Tipulidae,14,16,2,Shredder,3
BirchForest,Leaf,Diptera,Tipulidae,14,0.3,0.1,Shredder,3
BirchForest,Leaf,Diptera,Tipulidae,14,16,2.5,Shredder,3
BirchForest,Leaf,Diptera,Tipulidae,14,14,2,Shredder,3
BirchForest,Leaf,Diptera,Tipulidae,14,8,1.3,Shredder,3
BirchForest,Leaf,Diptera,Tipulidae,14,11,2,Shredder,3
BirchForest,Leaf,Diptera,Tipulidae,14,160,20,Shredder,3
BirchForest,Leaf,Diptera,Tipulidae,14,3,1,Shredder,3
BirchForest,Leaf,Diptera,Tipulidae,14,6,1,Shredder,3
BirchForest,Leaf,Diptera,Tipulidae,14,9,1,Shredder,3
BirchForest,Leaf,Diptera,Tipulidae,14,16,2.5,Shredder,3
BirchForest,Leaf,Diptera,Tipulidae,14,14,2,Shredder,3
BirchForest,Leaf,Diptera,Tipulidae,14,8,1.3,Shredder,3
BirchForest,Leaf,Diptera,Tipulidae,14,11,2,Shredder,3
BirchForest,Leaf,Diptera,Tipulidae,14,6,1,Shredder,3
BirchRoad,Leaf,Diptera,Tipulidae,14,,1.5,Shredder,3
BirchRoad,Leaf,Diptera,Tipulidae,14,37,5,Shredder,3
BirchRoad,Leaf,Diptera,Tipulidae,14,22,2.5,Shredder,3
BirchRoad,Leaf,Diptera,Tipulidae,14,18,3,Shredder,3
BirchRoad,Leaf,Diptera,Tipulidae,14,16,3,Shredder,3
BirchRoad,Leaf,Diptera,Tipulidae,14,16,3.5,Shredder,3
BirchRoad,Leaf,Diptera,Tipulidae,14,15,3,Shredder,3
BirchRoad,Leaf,Diptera,Tipulidae,14,12,2,Shredder,3
BirchRoad,Leaf,Diptera,Tipulidae,14,29,4,Shredder,3
BirchRoad,Leaf,Diptera,Tipulidae,14,18.5,3,Shredder,3
BirchRoad,Leaf,Diptera,Tipulidae,14,27,4,Shredder,3
BirchRoad,Leaf,Diptera,Tipulidae,14,12,2,Shredder,3
BirchRoad,Leaf,Diptera,Tipulidae,14,11,2,Shredder,3
BirchRoad,Leaf,Diptera,Tipulidae,14,13,2,Shredder,3
BirchRoad,Leaf,Diptera,Tipulidae,14,9,2,Shredder,3
BirchRoad,Leaf,Diptera,Tipulidae,14,8.5,2,Shredder,3
BirchRoad,Leaf,Diptera,Tipulidae,14,10,1.5,Shredder,3
BirchRoad,Leaf,Diptera,Tipulidae,14,9.5,2,Shredder,3
BirchRoad,Leaf,Diptera,Tipulidae,14,11,2,Shredder,3
BirchRoad,Leaf,Diptera,Tipulidae,14,7,1.5,Shredder,3
BirchRoad,Leaf,Diptera,Tipulidae,14,9,1.5,Shredder,3
BirchRoad,Leaf,Diptera,Tipulidae,14,8,1.5,Shredder,3
BirchRoad,Leaf,Diptera,Tipulidae,14,8,1,Shredder,3
BirchRoad,Leaf,Diptera,Tipulidae,14,5,1,Shredder,3
BirchRoad,Leaf,Diptera,Tipulidae,14,15.9,2.4,Shredder,3
BirchRoad,Leaf,Diptera,Tipulidae,14,17,2.5,Shredder,3
BirchRoad,Leaf,Diptera,Tipulidae,14,13.5,2.1,Shredder,3
BirchRoad,Leaf,Diptera,Tipulidae,14,21,3,Shredder,3
BirchRoad,Rock,Diptera,Tipulidae,14,5,1,Shredder,3
BirchRoad,Leaf,Diptera,Tipulidae,14,1.6,0.2,Shredder,3
BirchRoad,Rock,Ephemeroptera, ,16,18,5,,3
BirchForest,Rock,Ephemeroptera,,26,,,,3
HoosicRiver,Leaf,Ephemeroptera,,26,2,0.7,,3
HoosicRiver,Rock,Ephemeroptera,,26,2,1,,3
BirchRoad,Leaf,Ephemeroptera,,26,10,6,,3
BirchRoad,Leaf,Ephemeroptera,,26,4.5,1,,3
BirchRoad,Leaf,Ephemeroptera,,26,5,1,,3
BirchRoad,Leaf,Ephemeroptera,,26,2,1,,3
BirchRoad,Leaf,Ephemeroptera,,26,6,3,,3
BirchRoad,Rock,Ephemeroptera,,26,8,4,,3
BirchRoad,Rock,Ephemeroptera,,26,7,2,,3
BirchRoad,Rock,Ephemeroptera,,26,8,3,,3
BirchRoad,Rock,Ephemeroptera,,26,5,2,,3
BirchRoad,Leaf,Ephemeroptera,,26,4,1,,3
BirchForest,Rock,Lepidoptera,Pyralidae,34,11,2,,
BirchForest,Rock,Lepidoptera,Pyralidae,34,11,2,,
HoosicRiver,Rock,Lepidoptera,,35,11,4,,
BirchForest,Leaf,Trichopetera,Glossosomatidae,49,10,2,,0
BirchForest,Rock,Trichopetera,Glossosomatidae,49,5,1,,0
BirchForest,Leaf,Trichopetera,Helicopsychidae,50,10,2,,
BirchForest,Leaf,Trichopetera,,55,4,0.5,,2
BirchForest,Rock,Trichopetera,,55,2.5,1,,2
BirchForest,Rock,Trichopetera,,55,6,2,,2
BirchForest,Rock,Trichopetera,,55,7,0.8,,2
BirchForest,Leaf,Trichopetera,,55,4,0.5,,2
BirchForest,Rock,Trichopetera,,55,7,0.8,,2
HoosicRiver,Leaf,Trichopetera,,55,7,1,,2
HoosicRiver,Leaf,Trichopetera,,55,6,1,,2
HoosicRiver,Rock,Trichopetera,,55,13,1,,2
BirchRoad,Leaf,Trichopetera,,55,3.8,0.3,,2
BirchRoad,Leaf,Trichopetera,,55,4.8,,,2
BirchRoad,Rock,Trichopetera,,55,10,1,,2
BirchRoad,Rock,Trichopetera,,55,7,1,,2
BirchRoad,Rock,Trichopetera,,55,6,1,,2
BirchRoad,Rock,Trichopetera,,55,7,1,,2
BirchRoad,Rock,Trichopetera,,55,7,1,,2
BirchRoad,Rock,Trichopetera,,55,14,1.2,,2
BirchRoad,Rock,Trichopetera,,55,6,1,,2
BirchRoad,Rock,Trichopetera,,55,7,1,,2
BirchRoad,Rock,Trichopetera,,55,5,1,,2
BirchRoad,Rock,Trichopetera,,55,13,1,,2
BirchRoad,Rock,Trichopetera,,55,12,2,,2
BirchRoad,Rock,Trichopetera,,55,8,1.5,,2
BirchRoad,Rock,Trichopetera,,55,7,1,,2
BirchRoad,Rock,Trichopetera,,55,8,2,,2
BirchRoad,Rock,Trichopetera,,55,6,1,,2
BirchRoad,Rock,Trichopetera,,55,6,0.5,,2
BirchRoad,Rock,Trichopetera,,55,1.8,0.2,,2
BirchRoad,Rock,Trichopetera,,55,11,1.5,,2
BirchRoad,Rock,Trichopetera,,55,8,1,,2
HoosicRiver,Rock,Turbellaria,,56,7,2,,8
HoosicRiver,Rock,Turbellaria,,56,7,2,,8
HoosicRiver,Rock,Turbellaria,,56,7,2,,8
HoosicRiver,Rock,Turbellaria,,56,3,1,,8
BirchRoad,Leaf,Turbellaria,,56,8,2,,8